A, gamma, J, f0Est
1, -0.20207, 3.165, 0.21762
4, -0.84035, 5.0733, 0.091176
10, -0.94341,  2.304, 0.053799
20, -0.94852, 3.9141, 0.051291