f0, gamma, J, f0Est
0.01, -0.97846, 5.6564, 0.033095
0.05, -0.93032, 5.3695, 0.059767
0.1, -0.79622, 3.7875, 0.10342
0.25, 0.0020769, 2.0953, 0.25033
0.5, 0.98901, 6.927, 0.47638