T, gamma, J, f0Est
10, -0.018646, 2.8708, 0.24703
20,  0.006966, 2.2364, 0.25111
50, -0.0030675,  2.7354, 0.24951
100, -0.0011253, 1.4265, 0.24982